{
    "experiment": "v4",
    "model": "logistic_regression",
    "scoring": "accuracy",
    "folds": 5,
    "scores": [
        0.8324022346368715,
        0.8370786516853933,
        0.8089887640449438,
        0.8370786516853933,
        0.848314606741573
    ],
    "mean": 0.832772581758835,
    "std": 0.012995738986508026,
    "min": 0.8089887640449438,
    "max": 0.848314606741573
}