{
    "experiment": "v4",
    "model": "random_forest",
    "scoring": "accuracy",
    "folds": 5,
    "scores": [
        0.8435754189944135,
        0.8202247191011236,
        0.8258426966292135,
        0.8314606741573034,
        0.8426966292134831
    ],
    "mean": 0.8327600276191074,
    "std": 0.009191087954424982,
    "min": 0.8202247191011236,
    "max": 0.8435754189944135
}