{
    "experiment": "v4",
    "model": "svm",
    "scoring": "accuracy",
    "folds": 5,
    "scores": [
        0.8435754189944135,
        0.8146067415730337,
        0.8089887640449438,
        0.8314606741573034,
        0.8539325842696629
    ],
    "mean": 0.8305128366078716,
    "std": 0.0169487674721129,
    "min": 0.8089887640449438,
    "max": 0.8539325842696629
}