{
    "experiment": "v4",
    "model": "xgboost",
    "scoring": "accuracy",
    "folds": 5,
    "scores": [
        0.8603351955307262,
        0.8089887640449438,
        0.8033707865168539,
        0.797752808988764,
        0.8258426966292135
    ],
    "mean": 0.8192580503421002,
    "std": 0.02258773216657681,
    "min": 0.797752808988764,
    "max": 0.8603351955307262
}