{
    "experiment": "v5_ensemble",
    "model": "ensemble",
    "scoring": "accuracy",
    "folds": 5,
    "scores": [
        0.8603351955307262,
        0.8258426966292135,
        0.8089887640449438,
        0.8370786516853933,
        0.8651685393258427
    ],
    "mean": 0.8394827694432239,
    "std": 0.021053732125174165,
    "min": 0.8089887640449438,
    "max": 0.8651685393258427
}